Source,ox,Img,Confidence Score
whichfaceisreal,1_fake,image-2019-02-16_235902.jpeg,0.4952813386917114
whichfaceisreal,1_fake,image-2019-02-17_000020.jpeg,0.9391791224479675
whichfaceisreal,1_fake,image-2019-02-17_000901.jpeg,0.46343380212783813
whichfaceisreal,1_fake,image-2019-02-17_000907.jpeg,0.9047894477844238
whichfaceisreal,1_fake,image-2019-02-17_000914.jpeg,0.8221480846405029
whichfaceisreal,1_fake,image-2019-02-17_000920.jpeg,0.5720933079719543
whichfaceisreal,1_fake,image-2019-02-17_000927.jpeg,0.840856671333313
whichfaceisreal,1_fake,image-2019-02-17_000933.jpeg,0.9618918895721436
whichfaceisreal,1_fake,image-2019-02-17_000940.jpeg,0.7682414054870605
whichfaceisreal,1_fake,image-2019-02-17_000947.jpeg,0.33110252022743225
whichfaceisreal,1_fake,image-2019-02-17_000953.jpeg,0.9960439205169678
whichfaceisreal,1_fake,image-2019-02-17_001000.jpeg,0.875339686870575
whichfaceisreal,1_fake,image-2019-02-17_001006.jpeg,0.6416918039321899
whichfaceisreal,1_fake,image-2019-02-17_001013.jpeg,0.5947899222373962
whichfaceisreal,1_fake,image-2019-02-17_001020.jpeg,0.8363602757453918
whichfaceisreal,1_fake,image-2019-02-17_001026.jpeg,0.9540396332740784
whichfaceisreal,1_fake,image-2019-02-17_001033.jpeg,0.9937424063682556
whichfaceisreal,1_fake,image-2019-02-17_001039.jpeg,0.7056723833084106
whichfaceisreal,1_fake,image-2019-02-17_001046.jpeg,0.1692030280828476
whichfaceisreal,1_fake,image-2019-02-17_001053.jpeg,0.8482288718223572
whichfaceisreal,1_fake,image-2019-02-17_001059.jpeg,0.9038121700286865
whichfaceisreal,1_fake,image-2019-02-17_001106.jpeg,0.9001036882400513
whichfaceisreal,1_fake,image-2019-02-17_001112.jpeg,0.05252988263964653
whichfaceisreal,1_fake,image-2019-02-17_001119.jpeg,0.9312577843666077
whichfaceisreal,1_fake,image-2019-02-17_001126.jpeg,0.9486351609230042
whichfaceisreal,1_fake,image-2019-02-17_001132.jpeg,0.06973745673894882
whichfaceisreal,1_fake,image-2019-02-17_001139.jpeg,0.09935814887285233
whichfaceisreal,1_fake,image-2019-02-17_001145.jpeg,0.04978012293577194
whichfaceisreal,1_fake,image-2019-02-17_001152.jpeg,0.9156259894371033
whichfaceisreal,1_fake,image-2019-02-17_001158.jpeg,0.9200429916381836
whichfaceisreal,1_fake,image-2019-02-17_001205.jpeg,0.7735264301300049
whichfaceisreal,1_fake,image-2019-02-17_001212.jpeg,0.678241491317749
whichfaceisreal,1_fake,image-2019-02-17_001218.jpeg,0.9604769945144653
whichfaceisreal,1_fake,image-2019-02-17_001225.jpeg,0.9769332408905029
whichfaceisreal,1_fake,image-2019-02-17_001232.jpeg,0.6580219864845276
whichfaceisreal,1_fake,image-2019-02-17_001238.jpeg,0.9861063957214355
whichfaceisreal,1_fake,image-2019-02-17_001245.jpeg,0.9890990257263184
whichfaceisreal,1_fake,image-2019-02-17_001251.jpeg,0.7504061460494995
whichfaceisreal,1_fake,image-2019-02-17_001258.jpeg,0.7168540358543396
whichfaceisreal,1_fake,image-2019-02-17_001305.jpeg,0.9747163653373718
whichfaceisreal,1_fake,image-2019-02-17_001311.jpeg,0.9880300164222717
whichfaceisreal,1_fake,image-2019-02-17_001318.jpeg,0.8525593876838684
whichfaceisreal,1_fake,image-2019-02-17_001325.jpeg,0.5797737836837769
whichfaceisreal,1_fake,image-2019-02-17_001331.jpeg,0.3504694998264313
whichfaceisreal,1_fake,image-2019-02-17_001338.jpeg,0.8682586550712585
whichfaceisreal,1_fake,image-2019-02-17_001344.jpeg,0.9384847283363342
whichfaceisreal,1_fake,image-2019-02-17_001351.jpeg,0.565482497215271
whichfaceisreal,1_fake,image-2019-02-17_001358.jpeg,0.0827326849102974
whichfaceisreal,1_fake,image-2019-02-17_001404.jpeg,0.8964408040046692
whichfaceisreal,1_fake,image-2019-02-17_001411.jpeg,0.21900814771652222
whichfaceisreal,1_fake,image-2019-02-17_001417.jpeg,0.9447172284126282
whichfaceisreal,1_fake,image-2019-02-17_001424.jpeg,0.3393719494342804
whichfaceisreal,1_fake,image-2019-02-17_001431.jpeg,0.8142077326774597
whichfaceisreal,1_fake,image-2019-02-17_001437.jpeg,0.641228437423706
whichfaceisreal,1_fake,image-2019-02-17_001444.jpeg,0.9824078679084778
whichfaceisreal,1_fake,image-2019-02-17_001451.jpeg,0.61564040184021
whichfaceisreal,1_fake,image-2019-02-17_001457.jpeg,0.8107612133026123
whichfaceisreal,1_fake,image-2019-02-17_001504.jpeg,0.7859150171279907
whichfaceisreal,1_fake,image-2019-02-17_001510.jpeg,0.6142429113388062
whichfaceisreal,1_fake,image-2019-02-17_001517.jpeg,0.9976195693016052
whichfaceisreal,1_fake,image-2019-02-17_001523.jpeg,0.18974889814853668
whichfaceisreal,1_fake,image-2019-02-17_001530.jpeg,0.8404271602630615
whichfaceisreal,1_fake,image-2019-02-17_001536.jpeg,0.9707486629486084
whichfaceisreal,1_fake,image-2019-02-17_001543.jpeg,0.9396517872810364
whichfaceisreal,1_fake,image-2019-02-17_001550.jpeg,0.8970404267311096
whichfaceisreal,1_fake,image-2019-02-17_001556.jpeg,0.9949696660041809
whichfaceisreal,1_fake,image-2019-02-17_001603.jpeg,0.5731147527694702
whichfaceisreal,1_fake,image-2019-02-17_001610.jpeg,0.9244894981384277
whichfaceisreal,1_fake,image-2019-02-17_001616.jpeg,0.03589430823922157
whichfaceisreal,1_fake,image-2019-02-17_001623.jpeg,0.9692469239234924
whichfaceisreal,1_fake,image-2019-02-17_001629.jpeg,0.16278474032878876
whichfaceisreal,1_fake,image-2019-02-17_001635.jpeg,0.7452593445777893
whichfaceisreal,1_fake,image-2019-02-17_001642.jpeg,0.8381351232528687
whichfaceisreal,1_fake,image-2019-02-17_001649.jpeg,0.7873785495758057
whichfaceisreal,1_fake,image-2019-02-17_001656.jpeg,0.9870556592941284
whichfaceisreal,1_fake,image-2019-02-17_001702.jpeg,0.9597246646881104
whichfaceisreal,1_fake,image-2019-02-17_001709.jpeg,0.999220609664917
whichfaceisreal,1_fake,image-2019-02-17_001716.jpeg,0.2546258270740509
whichfaceisreal,1_fake,image-2019-02-17_001722.jpeg,0.09286610037088394
whichfaceisreal,1_fake,image-2019-02-17_001729.jpeg,0.9980953335762024
whichfaceisreal,1_fake,image-2019-02-17_001735.jpeg,0.8062493801116943
whichfaceisreal,1_fake,image-2019-02-17_001742.jpeg,0.8532255291938782
whichfaceisreal,1_fake,image-2019-02-17_001749.jpeg,0.699059247970581
whichfaceisreal,1_fake,image-2019-02-17_001755.jpeg,0.9789972901344299
whichfaceisreal,1_fake,image-2019-02-17_001802.jpeg,0.9868661761283875
whichfaceisreal,1_fake,image-2019-02-17_001809.jpeg,0.1055474579334259
whichfaceisreal,1_fake,image-2019-02-17_001815.jpeg,0.9605236053466797
whichfaceisreal,1_fake,image-2019-02-17_001822.jpeg,0.8020843267440796
whichfaceisreal,1_fake,image-2019-02-17_001828.jpeg,0.9906771183013916
whichfaceisreal,1_fake,image-2019-02-17_001835.jpeg,0.07611691951751709
whichfaceisreal,1_fake,image-2019-02-17_001842.jpeg,0.7368493676185608
whichfaceisreal,1_fake,image-2019-02-17_001848.jpeg,0.9633616209030151
whichfaceisreal,1_fake,image-2019-02-17_001855.jpeg,0.9533398747444153
whichfaceisreal,1_fake,image-2019-02-17_001901.jpeg,0.9085423946380615
whichfaceisreal,1_fake,image-2019-02-17_001908.jpeg,0.32269129157066345
whichfaceisreal,1_fake,image-2019-02-17_001915.jpeg,0.48096054792404175
whichfaceisreal,1_fake,image-2019-02-17_001922.jpeg,0.9983661770820618
whichfaceisreal,1_fake,image-2019-02-17_001928.jpeg,0.7991236448287964
whichfaceisreal,1_fake,image-2019-02-17_001935.jpeg,0.9284006953239441
whichfaceisreal,1_fake,image-2019-02-17_001942.jpeg,0.3031441867351532
whichfaceisreal,1_fake,image-2019-02-17_001948.jpeg,0.9954219460487366
whichfaceisreal,1_fake,image-2019-02-17_001955.jpeg,0.9784101843833923
whichfaceisreal,1_fake,image-2019-02-17_002002.jpeg,0.961677610874176
whichfaceisreal,1_fake,image-2019-02-17_002009.jpeg,0.9143177270889282
whichfaceisreal,1_fake,image-2019-02-17_002015.jpeg,0.9019864797592163
whichfaceisreal,1_fake,image-2019-02-17_002022.jpeg,0.241764634847641
whichfaceisreal,1_fake,image-2019-02-17_002029.jpeg,0.8090612888336182
whichfaceisreal,1_fake,image-2019-02-17_002036.jpeg,0.7905137538909912
whichfaceisreal,1_fake,image-2019-02-17_002042.jpeg,0.9082913398742676
whichfaceisreal,1_fake,image-2019-02-17_002049.jpeg,0.9485464692115784
whichfaceisreal,1_fake,image-2019-02-17_002056.jpeg,0.2911374866962433
whichfaceisreal,1_fake,image-2019-02-17_002103.jpeg,0.5172792673110962
whichfaceisreal,1_fake,image-2019-02-17_002109.jpeg,0.6456441879272461
whichfaceisreal,1_fake,image-2019-02-17_002116.jpeg,0.282614141702652
whichfaceisreal,1_fake,image-2019-02-17_002123.jpeg,0.4014666974544525
whichfaceisreal,1_fake,image-2019-02-17_002129.jpeg,0.8141731023788452
whichfaceisreal,1_fake,image-2019-02-17_002136.jpeg,0.34928327798843384
whichfaceisreal,1_fake,image-2019-02-17_002143.jpeg,0.968930721282959
whichfaceisreal,1_fake,image-2019-02-17_002151.jpeg,0.5302784442901611
whichfaceisreal,1_fake,image-2019-02-17_002158.jpeg,0.9525159597396851
whichfaceisreal,1_fake,image-2019-02-17_002205.jpeg,0.2817789316177368
whichfaceisreal,1_fake,image-2019-02-17_002212.jpeg,0.9991183876991272
whichfaceisreal,1_fake,image-2019-02-17_002219.jpeg,0.9134275317192078
whichfaceisreal,1_fake,image-2019-02-17_002226.jpeg,0.9442451596260071
whichfaceisreal,1_fake,image-2019-02-17_002233.jpeg,0.9579678177833557
whichfaceisreal,1_fake,image-2019-02-17_002240.jpeg,0.9507572054862976
whichfaceisreal,1_fake,image-2019-02-17_002248.jpeg,0.5185047388076782
whichfaceisreal,1_fake,image-2019-02-17_002255.jpeg,0.4329541027545929
whichfaceisreal,1_fake,image-2019-02-17_002302.jpeg,0.8428053855895996
whichfaceisreal,1_fake,image-2019-02-17_002309.jpeg,0.9649266600608826
whichfaceisreal,1_fake,image-2019-02-17_002316.jpeg,0.7499606013298035
whichfaceisreal,1_fake,image-2019-02-17_002323.jpeg,0.5469599962234497
whichfaceisreal,1_fake,image-2019-02-17_002330.jpeg,0.7131200432777405
whichfaceisreal,1_fake,image-2019-02-17_002337.jpeg,0.6275439262390137
whichfaceisreal,1_fake,image-2019-02-17_002344.jpeg,0.8826436400413513
whichfaceisreal,1_fake,image-2019-02-17_002351.jpeg,0.9833083152770996
whichfaceisreal,1_fake,image-2019-02-17_002359.jpeg,0.5971771478652954
whichfaceisreal,1_fake,image-2019-02-17_002406.jpeg,0.8203386068344116
whichfaceisreal,1_fake,image-2019-02-17_002413.jpeg,0.07455574721097946
whichfaceisreal,1_fake,image-2019-02-17_002420.jpeg,0.7785972952842712
whichfaceisreal,1_fake,image-2019-02-17_002427.jpeg,0.502124547958374
whichfaceisreal,1_fake,image-2019-02-17_002434.jpeg,0.13085104525089264
whichfaceisreal,1_fake,image-2019-02-17_002440.jpeg,0.9754596948623657
whichfaceisreal,1_fake,image-2019-02-17_002447.jpeg,0.8051539659500122
whichfaceisreal,1_fake,image-2019-02-17_002455.jpeg,0.9536007046699524
whichfaceisreal,1_fake,image-2019-02-17_002502.jpeg,0.9949986934661865
whichfaceisreal,1_fake,image-2019-02-17_002509.jpeg,0.6208269596099854
whichfaceisreal,1_fake,image-2019-02-17_002516.jpeg,0.7330265641212463
whichfaceisreal,1_fake,image-2019-02-17_002523.jpeg,0.035914577543735504
whichfaceisreal,1_fake,image-2019-02-17_002530.jpeg,0.6898791193962097
whichfaceisreal,1_fake,image-2019-02-17_002537.jpeg,0.8716309666633606
whichfaceisreal,1_fake,image-2019-02-17_002544.jpeg,0.9335725903511047
whichfaceisreal,1_fake,image-2019-02-17_002551.jpeg,0.4691636264324188
whichfaceisreal,1_fake,image-2019-02-17_002558.jpeg,0.8515535593032837
whichfaceisreal,1_fake,image-2019-02-17_002605.jpeg,0.2175755500793457
whichfaceisreal,1_fake,image-2019-02-17_002612.jpeg,0.2632879912853241
whichfaceisreal,1_fake,image-2019-02-17_002620.jpeg,0.9981132745742798
whichfaceisreal,1_fake,image-2019-02-17_002627.jpeg,0.31811586022377014
whichfaceisreal,1_fake,image-2019-02-17_002634.jpeg,0.8039230108261108
whichfaceisreal,1_fake,image-2019-02-17_002641.jpeg,0.8593790531158447
whichfaceisreal,1_fake,image-2019-02-17_002648.jpeg,0.903621256351471
whichfaceisreal,1_fake,image-2019-02-17_002655.jpeg,0.2306291162967682
whichfaceisreal,1_fake,image-2019-02-17_002702.jpeg,0.99327152967453
whichfaceisreal,1_fake,image-2019-02-17_002709.jpeg,0.97953861951828
whichfaceisreal,1_fake,image-2019-02-17_002716.jpeg,0.9259464144706726
whichfaceisreal,1_fake,image-2019-02-17_002724.jpeg,0.9513270854949951
whichfaceisreal,1_fake,image-2019-02-17_002730.jpeg,0.6782151460647583
whichfaceisreal,1_fake,image-2019-02-17_002737.jpeg,0.5913607478141785
whichfaceisreal,1_fake,image-2019-02-17_002744.jpeg,0.9061829447746277
whichfaceisreal,1_fake,image-2019-02-17_002751.jpeg,0.2294505387544632
whichfaceisreal,1_fake,image-2019-02-17_002758.jpeg,0.770020604133606
whichfaceisreal,1_fake,image-2019-02-17_002805.jpeg,0.40277937054634094
whichfaceisreal,1_fake,image-2019-02-17_002812.jpeg,0.5978030562400818
whichfaceisreal,1_fake,image-2019-02-17_002819.jpeg,0.9346155524253845
whichfaceisreal,1_fake,image-2019-02-17_002827.jpeg,0.2897513806819916
whichfaceisreal,1_fake,image-2019-02-17_002833.jpeg,0.9958075284957886
whichfaceisreal,1_fake,image-2019-02-17_002840.jpeg,0.9070794582366943
whichfaceisreal,1_fake,image-2019-02-17_002847.jpeg,0.5180556774139404
whichfaceisreal,1_fake,image-2019-02-17_002854.jpeg,0.5796201825141907
whichfaceisreal,1_fake,image-2019-02-17_002901.jpeg,0.8307151198387146
whichfaceisreal,1_fake,image-2019-02-17_002908.jpeg,0.9918434023857117
whichfaceisreal,1_fake,image-2019-02-17_002915.jpeg,0.5065041184425354
whichfaceisreal,1_fake,image-2019-02-17_002922.jpeg,0.9084054231643677
whichfaceisreal,1_fake,image-2019-02-17_002930.jpeg,0.9998875856399536
whichfaceisreal,1_fake,image-2019-02-17_002937.jpeg,0.9028261303901672
whichfaceisreal,1_fake,image-2019-02-17_002944.jpeg,0.32097068428993225
whichfaceisreal,1_fake,image-2019-02-17_002951.jpeg,0.871825635433197
whichfaceisreal,1_fake,image-2019-02-17_002958.jpeg,0.3118639290332794
whichfaceisreal,1_fake,image-2019-02-17_003005.jpeg,0.9960834980010986
whichfaceisreal,1_fake,image-2019-02-17_003012.jpeg,0.15472081303596497
whichfaceisreal,1_fake,image-2019-02-17_003019.jpeg,0.9977942705154419
whichfaceisreal,1_fake,image-2019-02-17_003026.jpeg,0.25728195905685425
whichfaceisreal,1_fake,image-2019-02-17_003033.jpeg,0.8515530228614807
whichfaceisreal,1_fake,image-2019-02-17_003040.jpeg,0.24504603445529938
whichfaceisreal,1_fake,image-2019-02-17_003047.jpeg,0.8760228157043457
whichfaceisreal,1_fake,image-2019-02-17_003054.jpeg,0.06878765672445297
whichfaceisreal,1_fake,image-2019-02-17_003101.jpeg,0.942345917224884
whichfaceisreal,1_fake,image-2019-02-17_003108.jpeg,0.9969832301139832
whichfaceisreal,1_fake,image-2019-02-17_003115.jpeg,0.39846786856651306
whichfaceisreal,1_fake,image-2019-02-17_003122.jpeg,0.9971840977668762
whichfaceisreal,1_fake,image-2019-02-17_003129.jpeg,0.8557265996932983
whichfaceisreal,1_fake,image-2019-02-17_003136.jpeg,0.996934175491333
whichfaceisreal,1_fake,image-2019-02-17_003143.jpeg,0.47006168961524963
whichfaceisreal,1_fake,image-2019-02-17_003150.jpeg,0.25764238834381104
whichfaceisreal,1_fake,image-2019-02-17_003157.jpeg,0.5725701451301575
whichfaceisreal,1_fake,image-2019-02-17_003204.jpeg,0.6900915503501892
whichfaceisreal,1_fake,image-2019-02-17_003211.jpeg,0.24956223368644714
whichfaceisreal,1_fake,image-2019-02-17_003218.jpeg,0.7682796120643616
whichfaceisreal,1_fake,image-2019-02-17_003225.jpeg,0.9100123047828674
whichfaceisreal,1_fake,image-2019-02-17_003232.jpeg,0.8365211486816406
whichfaceisreal,1_fake,image-2019-02-17_003239.jpeg,0.9587218165397644
whichfaceisreal,1_fake,image-2019-02-17_003246.jpeg,0.9576231241226196
whichfaceisreal,1_fake,image-2019-02-17_003253.jpeg,0.8190789222717285
whichfaceisreal,1_fake,image-2019-02-17_003300.jpeg,0.8639881610870361
whichfaceisreal,1_fake,image-2019-02-17_003307.jpeg,0.8209118843078613
whichfaceisreal,1_fake,image-2019-02-17_003314.jpeg,0.9281047582626343
whichfaceisreal,1_fake,image-2019-02-17_003321.jpeg,0.7830854654312134
whichfaceisreal,1_fake,image-2019-02-17_003328.jpeg,0.6491668224334717
whichfaceisreal,1_fake,image-2019-02-17_003336.jpeg,0.8737231492996216
whichfaceisreal,1_fake,image-2019-02-17_003343.jpeg,0.9716516733169556
whichfaceisreal,1_fake,image-2019-02-17_003350.jpeg,0.5237079858779907
whichfaceisreal,1_fake,image-2019-02-17_003357.jpeg,0.8999869227409363
whichfaceisreal,1_fake,image-2019-02-17_003404.jpeg,0.9618716835975647
whichfaceisreal,1_fake,image-2019-02-17_003411.jpeg,0.9973537921905518
whichfaceisreal,1_fake,image-2019-02-17_003417.jpeg,0.5037758350372314
whichfaceisreal,1_fake,image-2019-02-17_003425.jpeg,0.9197985529899597
whichfaceisreal,1_fake,image-2019-02-17_003432.jpeg,0.2216397076845169
whichfaceisreal,1_fake,image-2019-02-17_003439.jpeg,0.9966501593589783
whichfaceisreal,1_fake,image-2019-02-17_003446.jpeg,0.9667403697967529
whichfaceisreal,1_fake,image-2019-02-17_003453.jpeg,0.8897906541824341
whichfaceisreal,1_fake,image-2019-02-17_003500.jpeg,0.9088561534881592
whichfaceisreal,1_fake,image-2019-02-17_003507.jpeg,0.2987985610961914
whichfaceisreal,1_fake,image-2019-02-17_003514.jpeg,0.21542376279830933
whichfaceisreal,1_fake,image-2019-02-17_003521.jpeg,0.8296494483947754
whichfaceisreal,1_fake,image-2019-02-17_003528.jpeg,0.4819139242172241
whichfaceisreal,1_fake,image-2019-02-17_003536.jpeg,0.32936692237854004
whichfaceisreal,1_fake,image-2019-02-17_003542.jpeg,0.3575919270515442
whichfaceisreal,1_fake,image-2019-02-17_003549.jpeg,0.7674037218093872
whichfaceisreal,1_fake,image-2019-02-17_003556.jpeg,0.7603384256362915
whichfaceisreal,1_fake,image-2019-02-17_003603.jpeg,0.9814307689666748
whichfaceisreal,1_fake,image-2019-02-17_003610.jpeg,0.7512764930725098
whichfaceisreal,1_fake,image-2019-02-17_003617.jpeg,0.5925616025924683
whichfaceisreal,1_fake,image-2019-02-17_003624.jpeg,0.5758779048919678
whichfaceisreal,1_fake,image-2019-02-17_003631.jpeg,0.5861592292785645
whichfaceisreal,1_fake,image-2019-02-17_003639.jpeg,0.7592722773551941
whichfaceisreal,1_fake,image-2019-02-17_003646.jpeg,0.972068727016449
whichfaceisreal,1_fake,image-2019-02-17_003653.jpeg,0.062348123639822006
whichfaceisreal,1_fake,image-2019-02-17_003659.jpeg,0.999237060546875
whichfaceisreal,1_fake,image-2019-02-17_003707.jpeg,0.2450997680425644
whichfaceisreal,1_fake,image-2019-02-17_003714.jpeg,0.5860536694526672
whichfaceisreal,1_fake,image-2019-02-17_003721.jpeg,0.9891013503074646
whichfaceisreal,1_fake,image-2019-02-17_003728.jpeg,0.16754920780658722
whichfaceisreal,1_fake,image-2019-02-17_003735.jpeg,0.8983455300331116
whichfaceisreal,1_fake,image-2019-02-17_003742.jpeg,0.8340120911598206
whichfaceisreal,1_fake,image-2019-02-17_003749.jpeg,0.45530298352241516
whichfaceisreal,1_fake,image-2019-02-17_003756.jpeg,0.8852452635765076
whichfaceisreal,1_fake,image-2019-02-17_003803.jpeg,0.9391373991966248
whichfaceisreal,1_fake,image-2019-02-17_003810.jpeg,0.9935927987098694
whichfaceisreal,1_fake,image-2019-02-17_003817.jpeg,0.44542768597602844
whichfaceisreal,1_fake,image-2019-02-17_003823.jpeg,0.7793451547622681
whichfaceisreal,1_fake,image-2019-02-17_003830.jpeg,0.31099358201026917
whichfaceisreal,1_fake,image-2019-02-17_003838.jpeg,0.774905800819397
whichfaceisreal,1_fake,image-2019-02-17_003844.jpeg,0.7773684859275818
whichfaceisreal,1_fake,image-2019-02-17_003851.jpeg,0.8486846685409546
whichfaceisreal,1_fake,image-2019-02-17_003858.jpeg,0.8408644199371338
whichfaceisreal,1_fake,image-2019-02-17_003905.jpeg,0.9781205058097839
whichfaceisreal,1_fake,image-2019-02-17_003912.jpeg,0.9596537351608276
whichfaceisreal,1_fake,image-2019-02-17_003919.jpeg,0.9934226870536804
whichfaceisreal,1_fake,image-2019-02-17_003927.jpeg,0.9913560152053833
whichfaceisreal,1_fake,image-2019-02-17_003934.jpeg,0.7394136786460876
whichfaceisreal,1_fake,image-2019-02-17_003941.jpeg,0.9632540941238403
whichfaceisreal,1_fake,image-2019-02-17_003948.jpeg,0.8422531485557556
whichfaceisreal,1_fake,image-2019-02-17_003955.jpeg,0.9306302666664124
whichfaceisreal,1_fake,image-2019-02-17_004002.jpeg,0.5696138739585876
whichfaceisreal,1_fake,image-2019-02-17_004009.jpeg,0.7247915267944336
whichfaceisreal,1_fake,image-2019-02-17_004016.jpeg,0.9870285987854004
whichfaceisreal,1_fake,image-2019-02-17_004023.jpeg,0.5113202929496765
whichfaceisreal,1_fake,image-2019-02-17_004030.jpeg,0.9590558409690857
whichfaceisreal,1_fake,image-2019-02-17_004037.jpeg,0.9435761570930481
whichfaceisreal,1_fake,image-2019-02-17_004044.jpeg,0.9958005547523499
whichfaceisreal,1_fake,image-2019-02-17_004050.jpeg,0.9708324670791626
whichfaceisreal,1_fake,image-2019-02-17_004057.jpeg,0.6825253367424011
whichfaceisreal,1_fake,image-2019-02-17_004104.jpeg,0.729151725769043
whichfaceisreal,1_fake,image-2019-02-17_004111.jpeg,0.8990147709846497
whichfaceisreal,1_fake,image-2019-02-17_004119.jpeg,0.913597583770752
whichfaceisreal,1_fake,image-2019-02-17_004126.jpeg,0.9829798936843872
whichfaceisreal,1_fake,image-2019-02-17_004133.jpeg,0.7353034615516663
whichfaceisreal,1_fake,image-2019-02-17_004140.jpeg,0.38552096486091614
whichfaceisreal,1_fake,image-2019-02-17_004146.jpeg,0.17361319065093994
whichfaceisreal,1_fake,image-2019-02-17_004153.jpeg,0.45132583379745483
whichfaceisreal,1_fake,image-2019-02-17_004200.jpeg,0.790847659111023
whichfaceisreal,1_fake,image-2019-02-17_004208.jpeg,0.041347622871398926
whichfaceisreal,1_fake,image-2019-02-17_004215.jpeg,0.7970463633537292
whichfaceisreal,1_fake,image-2019-02-17_004222.jpeg,0.8299267888069153
whichfaceisreal,1_fake,image-2019-02-17_004229.jpeg,0.9660347104072571
whichfaceisreal,1_fake,image-2019-02-17_004236.jpeg,0.9461514353752136
whichfaceisreal,1_fake,image-2019-02-17_004243.jpeg,0.9229763150215149
whichfaceisreal,1_fake,image-2019-02-17_004250.jpeg,0.14194470643997192
whichfaceisreal,1_fake,image-2019-02-17_004257.jpeg,0.9330175518989563
whichfaceisreal,1_fake,image-2019-02-17_004304.jpeg,0.6271304488182068
whichfaceisreal,1_fake,image-2019-02-17_004311.jpeg,0.06291399896144867
whichfaceisreal,1_fake,image-2019-02-17_004318.jpeg,0.9038556218147278
whichfaceisreal,1_fake,image-2019-02-17_004325.jpeg,0.7778846621513367
whichfaceisreal,1_fake,image-2019-02-17_004332.jpeg,0.9886265397071838
whichfaceisreal,1_fake,image-2019-02-17_004339.jpeg,0.9195161461830139
whichfaceisreal,1_fake,image-2019-02-17_004346.jpeg,0.9383413195610046
whichfaceisreal,1_fake,image-2019-02-17_004353.jpeg,0.9914337396621704
whichfaceisreal,1_fake,image-2019-02-17_004400.jpeg,0.9987008571624756
whichfaceisreal,1_fake,image-2019-02-17_004407.jpeg,0.468038946390152
whichfaceisreal,1_fake,image-2019-02-17_004414.jpeg,0.9926978945732117
whichfaceisreal,1_fake,image-2019-02-17_004421.jpeg,0.576642632484436
whichfaceisreal,1_fake,image-2019-02-17_004428.jpeg,0.47318512201309204
whichfaceisreal,1_fake,image-2019-02-17_004435.jpeg,0.4864695966243744
whichfaceisreal,1_fake,image-2019-02-17_004442.jpeg,0.6922683715820312
whichfaceisreal,1_fake,image-2019-02-17_004449.jpeg,0.9976660013198853
whichfaceisreal,1_fake,image-2019-02-17_004456.jpeg,0.45528388023376465
whichfaceisreal,1_fake,image-2019-02-17_004503.jpeg,0.9118322730064392
whichfaceisreal,1_fake,image-2019-02-17_004510.jpeg,0.04219798371195793
whichfaceisreal,1_fake,image-2019-02-17_004517.jpeg,0.5142043828964233
whichfaceisreal,1_fake,image-2019-02-17_004524.jpeg,0.4728986918926239
whichfaceisreal,1_fake,image-2019-02-17_004531.jpeg,0.6026409864425659
whichfaceisreal,1_fake,image-2019-02-17_004538.jpeg,0.37960299849510193
whichfaceisreal,1_fake,image-2019-02-17_004545.jpeg,0.3213813900947571
whichfaceisreal,1_fake,image-2019-02-17_004552.jpeg,0.8417229652404785
whichfaceisreal,1_fake,image-2019-02-17_004559.jpeg,0.029002536088228226
whichfaceisreal,1_fake,image-2019-02-17_004606.jpeg,0.8074432611465454
whichfaceisreal,1_fake,image-2019-02-17_004613.jpeg,0.66684490442276
whichfaceisreal,1_fake,image-2019-02-17_004620.jpeg,0.9190656542778015
whichfaceisreal,1_fake,image-2019-02-17_004627.jpeg,0.9240795969963074
whichfaceisreal,1_fake,image-2019-02-17_004634.jpeg,0.2410101294517517
whichfaceisreal,1_fake,image-2019-02-17_004641.jpeg,0.9901156425476074
whichfaceisreal,1_fake,image-2019-02-17_004648.jpeg,0.9956336617469788
whichfaceisreal,1_fake,image-2019-02-17_004655.jpeg,0.7311497926712036
whichfaceisreal,1_fake,image-2019-02-17_004702.jpeg,0.8378328084945679
whichfaceisreal,1_fake,image-2019-02-17_004709.jpeg,0.6255515813827515
whichfaceisreal,1_fake,image-2019-02-17_004716.jpeg,0.8317592144012451
whichfaceisreal,1_fake,image-2019-02-17_004723.jpeg,0.4105980396270752
whichfaceisreal,1_fake,image-2019-02-17_004730.jpeg,0.8124976754188538
whichfaceisreal,1_fake,image-2019-02-17_004737.jpeg,0.8780881762504578
whichfaceisreal,1_fake,image-2019-02-17_004744.jpeg,0.5044059753417969
whichfaceisreal,1_fake,image-2019-02-17_004751.jpeg,0.6139271259307861
whichfaceisreal,1_fake,image-2019-02-17_004757.jpeg,0.9521752595901489
whichfaceisreal,1_fake,image-2019-02-17_004804.jpeg,0.3078325390815735
whichfaceisreal,1_fake,image-2019-02-17_004811.jpeg,0.8075607419013977
whichfaceisreal,1_fake,image-2019-02-17_004819.jpeg,0.10213688760995865
whichfaceisreal,1_fake,image-2019-02-17_004826.jpeg,0.7024744153022766
whichfaceisreal,1_fake,image-2019-02-17_004833.jpeg,0.7222024202346802
whichfaceisreal,1_fake,image-2019-02-17_004839.jpeg,0.19360145926475525
whichfaceisreal,1_fake,image-2019-02-17_004846.jpeg,0.9382750988006592
whichfaceisreal,1_fake,image-2019-02-17_004853.jpeg,0.7844234704971313
whichfaceisreal,1_fake,image-2019-02-17_004900.jpeg,0.8640920519828796
whichfaceisreal,1_fake,image-2019-02-17_004907.jpeg,0.6646296381950378
whichfaceisreal,1_fake,image-2019-02-17_004914.jpeg,0.8041340112686157
whichfaceisreal,1_fake,image-2019-02-17_004922.jpeg,0.4606609344482422
whichfaceisreal,1_fake,image-2019-02-17_004929.jpeg,0.14543965458869934
whichfaceisreal,1_fake,image-2019-02-17_004936.jpeg,0.6129720211029053
whichfaceisreal,1_fake,image-2019-02-17_004943.jpeg,0.5996972918510437
whichfaceisreal,1_fake,image-2019-02-17_004950.jpeg,0.9779285192489624
whichfaceisreal,1_fake,image-2019-02-17_004957.jpeg,0.38167184591293335
whichfaceisreal,1_fake,image-2019-02-17_005004.jpeg,0.8041883111000061
whichfaceisreal,1_fake,image-2019-02-17_005011.jpeg,0.40176844596862793
whichfaceisreal,1_fake,image-2019-02-17_005018.jpeg,0.9781807065010071
whichfaceisreal,1_fake,image-2019-02-17_005025.jpeg,0.28830432891845703
whichfaceisreal,1_fake,image-2019-02-17_005032.jpeg,0.6081135869026184
whichfaceisreal,1_fake,image-2019-02-17_005039.jpeg,0.9702877402305603
whichfaceisreal,1_fake,image-2019-02-17_005046.jpeg,0.4337216913700104
whichfaceisreal,1_fake,image-2019-02-17_005053.jpeg,0.583590030670166
whichfaceisreal,1_fake,image-2019-02-17_005100.jpeg,0.9498996138572693
whichfaceisreal,1_fake,image-2019-02-17_005107.jpeg,0.6714593172073364
whichfaceisreal,1_fake,image-2019-02-17_005114.jpeg,0.9560320973396301
whichfaceisreal,1_fake,image-2019-02-17_005121.jpeg,0.8660294413566589
whichfaceisreal,1_fake,image-2019-02-17_005128.jpeg,0.8345455527305603
whichfaceisreal,1_fake,image-2019-02-17_005135.jpeg,0.9016857743263245
whichfaceisreal,1_fake,image-2019-02-17_005142.jpeg,0.7275236248970032
whichfaceisreal,1_fake,image-2019-02-17_005149.jpeg,0.8126252889633179
whichfaceisreal,1_fake,image-2019-02-17_005156.jpeg,0.8650233149528503
whichfaceisreal,1_fake,image-2019-02-17_005203.jpeg,0.9837175607681274
whichfaceisreal,1_fake,image-2019-02-17_005210.jpeg,0.9785382151603699
whichfaceisreal,1_fake,image-2019-02-17_005217.jpeg,0.29256394505500793
whichfaceisreal,1_fake,image-2019-02-17_005224.jpeg,0.5370854139328003
whichfaceisreal,1_fake,image-2019-02-17_005231.jpeg,0.5160256624221802
whichfaceisreal,1_fake,image-2019-02-17_005238.jpeg,0.9645660519599915
whichfaceisreal,1_fake,image-2019-02-17_005245.jpeg,0.5579711198806763
whichfaceisreal,1_fake,image-2019-02-17_005251.jpeg,0.39259210228919983
whichfaceisreal,1_fake,image-2019-02-17_005258.jpeg,0.9615656137466431
whichfaceisreal,1_fake,image-2019-02-17_005305.jpeg,0.9122586846351624
whichfaceisreal,1_fake,image-2019-02-17_005313.jpeg,0.23183505237102509
whichfaceisreal,1_fake,image-2019-02-17_005319.jpeg,0.2383906990289688
whichfaceisreal,1_fake,image-2019-02-17_005326.jpeg,0.7983863353729248
whichfaceisreal,1_fake,image-2019-02-17_005333.jpeg,0.6969094276428223
whichfaceisreal,1_fake,image-2019-02-17_005341.jpeg,0.24418504536151886
whichfaceisreal,1_fake,image-2019-02-17_005348.jpeg,0.5530187487602234
whichfaceisreal,1_fake,image-2019-02-17_005354.jpeg,0.9870665669441223
whichfaceisreal,1_fake,image-2019-02-17_005401.jpeg,0.39293044805526733
whichfaceisreal,1_fake,image-2019-02-17_005408.jpeg,0.6686975359916687
whichfaceisreal,1_fake,image-2019-02-17_005415.jpeg,0.23314791917800903
whichfaceisreal,1_fake,image-2019-02-17_005422.jpeg,0.7512990236282349
whichfaceisreal,1_fake,image-2019-02-17_005429.jpeg,0.9535735249519348
whichfaceisreal,1_fake,image-2019-02-17_005436.jpeg,0.9720611572265625
whichfaceisreal,1_fake,image-2019-02-17_005443.jpeg,0.7355599403381348
whichfaceisreal,1_fake,image-2019-02-17_005450.jpeg,0.6184030771255493
whichfaceisreal,1_fake,image-2019-02-17_005457.jpeg,0.331585168838501
whichfaceisreal,1_fake,image-2019-02-17_005504.jpeg,0.06072410196065903
whichfaceisreal,1_fake,image-2019-02-17_005511.jpeg,0.48511967062950134
whichfaceisreal,1_fake,image-2019-02-17_005518.jpeg,0.2919425666332245
whichfaceisreal,1_fake,image-2019-02-17_005525.jpeg,0.9699384570121765
whichfaceisreal,1_fake,image-2019-02-17_005532.jpeg,0.7227441668510437
whichfaceisreal,1_fake,image-2019-02-17_005539.jpeg,0.7604194283485413
whichfaceisreal,1_fake,image-2019-02-17_005546.jpeg,0.810725748538971
whichfaceisreal,1_fake,image-2019-02-17_005553.jpeg,0.36066141724586487
whichfaceisreal,1_fake,image-2019-02-17_005600.jpeg,0.8033000230789185
whichfaceisreal,1_fake,image-2019-02-17_005607.jpeg,0.11805658787488937
whichfaceisreal,1_fake,image-2019-02-17_005614.jpeg,0.39098212122917175
whichfaceisreal,1_fake,image-2019-02-17_005621.jpeg,0.8938921093940735
whichfaceisreal,1_fake,image-2019-02-17_015540.jpeg,0.9196524620056152
whichfaceisreal,1_fake,image-2019-02-17_015547.jpeg,0.9356444478034973
whichfaceisreal,1_fake,image-2019-02-17_015555.jpeg,0.818989098072052
whichfaceisreal,1_fake,image-2019-02-17_015602.jpeg,0.9825764894485474
whichfaceisreal,1_fake,image-2019-02-17_015609.jpeg,0.8252277970314026
whichfaceisreal,1_fake,image-2019-02-17_015616.jpeg,0.22987334430217743
whichfaceisreal,1_fake,image-2019-02-17_015624.jpeg,0.14153683185577393
whichfaceisreal,1_fake,image-2019-02-17_015631.jpeg,0.2743506133556366
whichfaceisreal,1_fake,image-2019-02-17_015638.jpeg,0.6237609386444092
whichfaceisreal,1_fake,image-2019-02-17_015645.jpeg,0.8976136445999146
whichfaceisreal,1_fake,image-2019-02-17_015653.jpeg,0.09327264875173569
whichfaceisreal,1_fake,image-2019-02-17_015700.jpeg,0.506808340549469
whichfaceisreal,1_fake,image-2019-02-17_015707.jpeg,0.9732199311256409
whichfaceisreal,1_fake,image-2019-02-17_015715.jpeg,0.3662404417991638
whichfaceisreal,1_fake,image-2019-02-17_015722.jpeg,0.15283720195293427
whichfaceisreal,1_fake,image-2019-02-17_015729.jpeg,0.8737216591835022
whichfaceisreal,1_fake,image-2019-02-17_015736.jpeg,0.9293919205665588
whichfaceisreal,1_fake,image-2019-02-17_015744.jpeg,0.9561378955841064
whichfaceisreal,1_fake,image-2019-02-17_015751.jpeg,0.7280448079109192
whichfaceisreal,1_fake,image-2019-02-17_015758.jpeg,0.716626763343811
whichfaceisreal,1_fake,image-2019-02-17_015805.jpeg,0.09364230185747147
whichfaceisreal,1_fake,image-2019-02-17_015813.jpeg,0.778880774974823
whichfaceisreal,1_fake,image-2019-02-17_015820.jpeg,0.8919988870620728
whichfaceisreal,1_fake,image-2019-02-17_015827.jpeg,0.9967785477638245
whichfaceisreal,1_fake,image-2019-02-17_015834.jpeg,0.9469733238220215
whichfaceisreal,1_fake,image-2019-02-17_015841.jpeg,0.9840186238288879
whichfaceisreal,1_fake,image-2019-02-17_015849.jpeg,0.8588382601737976
whichfaceisreal,1_fake,image-2019-02-17_015856.jpeg,0.9756770730018616
whichfaceisreal,1_fake,image-2019-02-17_015903.jpeg,0.11851455271244049
whichfaceisreal,1_fake,image-2019-02-17_015911.jpeg,0.9737963676452637
whichfaceisreal,1_fake,image-2019-02-17_015918.jpeg,0.6160301566123962
whichfaceisreal,1_fake,image-2019-02-17_015925.jpeg,0.2893793284893036
whichfaceisreal,1_fake,image-2019-02-17_015932.jpeg,0.15270525217056274
whichfaceisreal,1_fake,image-2019-02-17_015940.jpeg,0.9866597652435303
whichfaceisreal,1_fake,image-2019-02-17_015947.jpeg,0.868570864200592
whichfaceisreal,1_fake,image-2019-02-17_015954.jpeg,0.8571683764457703
whichfaceisreal,1_fake,image-2019-02-17_020002.jpeg,0.44668668508529663
whichfaceisreal,1_fake,image-2019-02-17_020010.jpeg,0.9220137000083923
whichfaceisreal,1_fake,image-2019-02-17_020017.jpeg,0.41842836141586304
whichfaceisreal,1_fake,image-2019-02-17_020024.jpeg,0.9956240057945251
whichfaceisreal,1_fake,image-2019-02-17_020031.jpeg,0.987506628036499
whichfaceisreal,1_fake,image-2019-02-17_020039.jpeg,0.5837716460227966
whichfaceisreal,1_fake,image-2019-02-17_020046.jpeg,0.7199290990829468
whichfaceisreal,1_fake,image-2019-02-17_020053.jpeg,0.8408339619636536
whichfaceisreal,1_fake,image-2019-02-17_020101.jpeg,0.8177220225334167
whichfaceisreal,1_fake,image-2019-02-17_020108.jpeg,0.9158226847648621
whichfaceisreal,1_fake,image-2019-02-17_020116.jpeg,0.9158226847648621
whichfaceisreal,1_fake,image-2019-02-17_020123.jpeg,0.9158226847648621
whichfaceisreal,1_fake,image-2019-02-17_020130.jpeg,0.22146348655223846
whichfaceisreal,1_fake,image-2019-02-17_020137.jpeg,0.8960217237472534
whichfaceisreal,1_fake,image-2019-02-17_020145.jpeg,0.20685946941375732
whichfaceisreal,1_fake,image-2019-02-17_020152.jpeg,0.4344629943370819
whichfaceisreal,1_fake,image-2019-02-17_020200.jpeg,0.5069636106491089
whichfaceisreal,1_fake,image-2019-02-17_020207.jpeg,0.7963176965713501
whichfaceisreal,1_fake,image-2019-02-17_020214.jpeg,0.4269255995750427
whichfaceisreal,1_fake,image-2019-02-17_020222.jpeg,0.8964682221412659
whichfaceisreal,1_fake,image-2019-02-17_020229.jpeg,0.957547664642334
whichfaceisreal,1_fake,image-2019-02-17_020237.jpeg,0.7906754612922668
whichfaceisreal,1_fake,image-2019-02-17_020244.jpeg,0.67430180311203
whichfaceisreal,1_fake,image-2019-02-17_020251.jpeg,0.5102245807647705
whichfaceisreal,1_fake,image-2019-02-17_020259.jpeg,0.8249697089195251
whichfaceisreal,1_fake,image-2019-02-17_020306.jpeg,0.6304028630256653
whichfaceisreal,1_fake,image-2019-02-17_020313.jpeg,0.035577449947595596
whichfaceisreal,1_fake,image-2019-02-17_020321.jpeg,0.6768712401390076
whichfaceisreal,1_fake,image-2019-02-17_020328.jpeg,0.9858748316764832
whichfaceisreal,1_fake,image-2019-02-17_020335.jpeg,0.8517777323722839
whichfaceisreal,1_fake,image-2019-02-17_020343.jpeg,0.904185950756073
whichfaceisreal,1_fake,image-2019-02-17_020350.jpeg,0.8913506865501404
whichfaceisreal,1_fake,image-2019-02-17_020357.jpeg,0.30931803584098816
whichfaceisreal,1_fake,image-2019-02-17_020404.jpeg,0.34296727180480957
whichfaceisreal,1_fake,image-2019-02-17_020412.jpeg,0.8709808588027954
whichfaceisreal,1_fake,image-2019-02-17_020419.jpeg,0.48951128125190735
whichfaceisreal,1_fake,image-2019-02-17_020426.jpeg,0.4661595821380615
whichfaceisreal,1_fake,image-2019-02-17_020434.jpeg,0.910224974155426
whichfaceisreal,1_fake,image-2019-02-17_020441.jpeg,0.9577856063842773
whichfaceisreal,1_fake,image-2019-02-17_020449.jpeg,0.8210859894752502
whichfaceisreal,1_fake,image-2019-02-17_020456.jpeg,0.4808594286441803
whichfaceisreal,1_fake,image-2019-02-17_020503.jpeg,0.9932685494422913
whichfaceisreal,1_fake,image-2019-02-17_020511.jpeg,0.9140945076942444
whichfaceisreal,1_fake,image-2019-02-17_020518.jpeg,0.6647796034812927
whichfaceisreal,1_fake,image-2019-02-17_020525.jpeg,0.9765863418579102
whichfaceisreal,1_fake,image-2019-02-17_020533.jpeg,0.979641318321228
whichfaceisreal,1_fake,image-2019-02-17_020540.jpeg,0.9961200952529907
whichfaceisreal,1_fake,image-2019-02-17_020547.jpeg,0.03446408361196518
whichfaceisreal,1_fake,image-2019-02-17_020555.jpeg,0.4072442650794983
whichfaceisreal,1_fake,image-2019-02-17_020602.jpeg,0.9222576022148132
whichfaceisreal,1_fake,image-2019-02-17_020609.jpeg,0.8496062755584717
whichfaceisreal,1_fake,image-2019-02-17_020617.jpeg,0.9775792956352234
whichfaceisreal,1_fake,image-2019-02-17_020624.jpeg,0.03177232667803764
whichfaceisreal,1_fake,image-2019-02-17_020634.jpeg,0.914470374584198
whichfaceisreal,1_fake,image-2019-02-17_020642.jpeg,0.8882163166999817
whichfaceisreal,1_fake,image-2019-02-17_020650.jpeg,0.7084592580795288
whichfaceisreal,1_fake,image-2019-02-17_020657.jpeg,0.6306678056716919
whichfaceisreal,1_fake,image-2019-02-17_020704.jpeg,0.2837003171443939
whichfaceisreal,1_fake,image-2019-02-17_020712.jpeg,0.3633432686328888
whichfaceisreal,1_fake,image-2019-02-17_020719.jpeg,0.9582919478416443
whichfaceisreal,1_fake,image-2019-02-17_020726.jpeg,0.10016826540231705
whichfaceisreal,1_fake,image-2019-02-17_020733.jpeg,0.7229713201522827
whichfaceisreal,1_fake,image-2019-02-17_020741.jpeg,0.5751363635063171
whichfaceisreal,1_fake,image-2019-02-17_020748.jpeg,0.8353832960128784
whichfaceisreal,1_fake,image-2019-02-17_020755.jpeg,0.4663853943347931
whichfaceisreal,1_fake,image-2019-02-17_020803.jpeg,0.025057081133127213
whichfaceisreal,1_fake,image-2019-02-17_020810.jpeg,0.9761680960655212
whichfaceisreal,1_fake,image-2019-02-17_020817.jpeg,0.8616601824760437
whichfaceisreal,1_fake,image-2019-02-17_020825.jpeg,0.9215268492698669
whichfaceisreal,1_fake,image-2019-02-17_020832.jpeg,0.8322442173957825
whichfaceisreal,1_fake,image-2019-02-17_020839.jpeg,0.9936339855194092
whichfaceisreal,1_fake,image-2019-02-17_020846.jpeg,0.3208950161933899
whichfaceisreal,1_fake,image-2019-02-17_020855.jpeg,0.8966002464294434
whichfaceisreal,1_fake,image-2019-02-17_020903.jpeg,0.9931185245513916
whichfaceisreal,1_fake,image-2019-02-17_020910.jpeg,0.9337379932403564
whichfaceisreal,1_fake,image-2019-02-17_020917.jpeg,0.07253725826740265
whichfaceisreal,1_fake,image-2019-02-17_020925.jpeg,0.49832189083099365
whichfaceisreal,1_fake,image-2019-02-17_020932.jpeg,0.9496636390686035
whichfaceisreal,1_fake,image-2019-02-17_020939.jpeg,0.580960214138031
whichfaceisreal,1_fake,image-2019-02-17_020947.jpeg,0.7855219841003418
whichfaceisreal,1_fake,image-2019-02-17_020954.jpeg,0.8195979595184326
whichfaceisreal,1_fake,image-2019-02-17_021002.jpeg,0.8910183310508728
whichfaceisreal,1_fake,image-2019-02-17_021009.jpeg,0.21321292221546173
whichfaceisreal,1_fake,image-2019-02-17_021017.jpeg,0.9961328506469727
whichfaceisreal,1_fake,image-2019-02-17_021024.jpeg,0.7936449646949768
whichfaceisreal,1_fake,image-2019-02-17_021031.jpeg,0.9300913214683533
whichfaceisreal,1_fake,image-2019-02-17_021039.jpeg,0.20917311310768127
whichfaceisreal,1_fake,image-2019-02-17_021046.jpeg,0.36679592728614807
whichfaceisreal,1_fake,image-2019-02-17_021053.jpeg,0.965415894985199
whichfaceisreal,1_fake,image-2019-02-17_021101.jpeg,0.9872796535491943
whichfaceisreal,1_fake,image-2019-02-17_021108.jpeg,0.9469819664955139
whichfaceisreal,1_fake,image-2019-02-17_021116.jpeg,0.08214203268289566
whichfaceisreal,1_fake,image-2019-02-17_021123.jpeg,0.9461448192596436
whichfaceisreal,1_fake,image-2019-02-17_021131.jpeg,0.12684062123298645
whichfaceisreal,1_fake,image-2019-02-17_021138.jpeg,0.8544242978096008
whichfaceisreal,1_fake,image-2019-02-17_021145.jpeg,0.998432457447052
whichfaceisreal,1_fake,image-2019-02-17_021153.jpeg,0.9760395288467407
whichfaceisreal,1_fake,image-2019-02-17_021200.jpeg,0.7583281397819519
whichfaceisreal,1_fake,image-2019-02-17_021208.jpeg,0.22833473980426788
whichfaceisreal,1_fake,image-2019-02-17_021215.jpeg,0.9515283107757568
whichfaceisreal,1_fake,image-2019-02-17_021223.jpeg,0.34823793172836304
whichfaceisreal,1_fake,image-2019-02-17_021230.jpeg,0.9370299577713013
whichfaceisreal,1_fake,image-2019-02-17_021237.jpeg,0.39406871795654297
whichfaceisreal,1_fake,image-2019-02-17_021245.jpeg,0.6876938343048096
whichfaceisreal,1_fake,image-2019-02-17_021252.jpeg,0.3676704168319702
whichfaceisreal,1_fake,image-2019-02-17_021259.jpeg,0.9816966652870178
whichfaceisreal,1_fake,image-2019-02-17_021307.jpeg,0.7230215072631836
whichfaceisreal,1_fake,image-2019-02-17_021314.jpeg,0.09761106222867966
whichfaceisreal,1_fake,image-2019-02-17_021322.jpeg,0.9699021577835083
whichfaceisreal,1_fake,image-2019-02-17_021329.jpeg,0.7183682918548584
whichfaceisreal,1_fake,image-2019-02-17_021336.jpeg,0.9375556111335754
whichfaceisreal,1_fake,image-2019-02-17_021344.jpeg,0.3867281973361969
whichfaceisreal,1_fake,image-2019-02-17_021351.jpeg,0.6875379681587219
whichfaceisreal,1_fake,image-2019-02-17_021359.jpeg,0.7297179102897644
whichfaceisreal,1_fake,image-2019-02-17_021406.jpeg,0.9060649275779724
whichfaceisreal,1_fake,image-2019-02-17_021414.jpeg,0.6741812825202942
whichfaceisreal,1_fake,image-2019-02-17_021421.jpeg,0.8727571368217468
whichfaceisreal,1_fake,image-2019-02-17_021429.jpeg,0.9980325102806091
whichfaceisreal,1_fake,image-2019-02-17_021436.jpeg,0.7396151423454285
whichfaceisreal,1_fake,image-2019-02-17_021444.jpeg,0.9946014881134033
whichfaceisreal,1_fake,image-2019-02-17_021451.jpeg,0.7114102840423584
whichfaceisreal,1_fake,image-2019-02-17_021458.jpeg,0.9757707118988037
whichfaceisreal,1_fake,image-2019-02-17_021506.jpeg,0.9980804920196533
whichfaceisreal,1_fake,image-2019-02-17_021513.jpeg,0.9737324714660645
whichfaceisreal,1_fake,image-2019-02-17_021520.jpeg,0.581352710723877
whichfaceisreal,1_fake,image-2019-02-17_021527.jpeg,0.4189390242099762
whichfaceisreal,1_fake,image-2019-02-17_021535.jpeg,0.1618170291185379
whichfaceisreal,1_fake,image-2019-02-17_021542.jpeg,0.6352739334106445
whichfaceisreal,1_fake,image-2019-02-17_021550.jpeg,0.7319080829620361
whichfaceisreal,1_fake,image-2019-02-17_021557.jpeg,0.6924489736557007
whichfaceisreal,1_fake,image-2019-02-17_021604.jpeg,0.20781651139259338
whichfaceisreal,1_fake,image-2019-02-17_021612.jpeg,0.10857071727514267
whichfaceisreal,1_fake,image-2019-02-17_021619.jpeg,0.5409922003746033
whichfaceisreal,1_fake,image-2019-02-17_021627.jpeg,0.9447788000106812
whichfaceisreal,1_fake,image-2019-02-17_021634.jpeg,0.5746538043022156
whichfaceisreal,1_fake,image-2019-02-17_021642.jpeg,0.9984605312347412
whichfaceisreal,1_fake,image-2019-02-17_021649.jpeg,0.7982706427574158
whichfaceisreal,1_fake,image-2019-02-17_021656.jpeg,0.8259837031364441
whichfaceisreal,1_fake,image-2019-02-17_021704.jpeg,0.9990856647491455
whichfaceisreal,1_fake,image-2019-02-17_021711.jpeg,0.9526875019073486
whichfaceisreal,1_fake,image-2019-02-17_021718.jpeg,0.9467839598655701
whichfaceisreal,1_fake,image-2019-02-17_021726.jpeg,0.9949990510940552
whichfaceisreal,1_fake,image-2019-02-17_021733.jpeg,0.9077905416488647
whichfaceisreal,1_fake,image-2019-02-17_021740.jpeg,0.17345359921455383
whichfaceisreal,1_fake,image-2019-02-17_021747.jpeg,0.84657222032547
whichfaceisreal,1_fake,image-2019-02-17_021755.jpeg,0.8872297406196594
whichfaceisreal,1_fake,image-2019-02-17_021802.jpeg,0.18228691816329956
whichfaceisreal,1_fake,image-2019-02-17_021810.jpeg,0.9814885854721069
whichfaceisreal,1_fake,image-2019-02-17_021817.jpeg,0.9832928776741028
whichfaceisreal,1_fake,image-2019-02-17_021824.jpeg,0.9369950890541077
whichfaceisreal,1_fake,image-2019-02-17_021832.jpeg,0.9420369267463684
whichfaceisreal,1_fake,image-2019-02-17_021839.jpeg,0.3585682809352875
whichfaceisreal,1_fake,image-2019-02-17_021847.jpeg,0.9215235710144043
whichfaceisreal,1_fake,image-2019-02-17_021854.jpeg,0.8860652446746826
whichfaceisreal,1_fake,image-2019-02-17_021902.jpeg,0.9019009470939636
whichfaceisreal,1_fake,image-2019-02-17_021909.jpeg,0.9730254411697388
whichfaceisreal,1_fake,image-2019-02-17_021917.jpeg,0.9985427856445312
whichfaceisreal,1_fake,image-2019-02-17_021924.jpeg,0.361845463514328
whichfaceisreal,1_fake,image-2019-02-17_021931.jpeg,0.3046734035015106
whichfaceisreal,1_fake,image-2019-02-17_021938.jpeg,0.7842507362365723
whichfaceisreal,1_fake,image-2019-02-17_021946.jpeg,0.9367212653160095
whichfaceisreal,1_fake,image-2019-02-17_021953.jpeg,0.8473823070526123
whichfaceisreal,1_fake,image-2019-02-17_022001.jpeg,0.47871044278144836
whichfaceisreal,1_fake,image-2019-02-17_022008.jpeg,0.8392213582992554
whichfaceisreal,1_fake,image-2019-02-17_022015.jpeg,0.8472567796707153
whichfaceisreal,1_fake,image-2019-02-17_022023.jpeg,0.935651421546936
whichfaceisreal,1_fake,image-2019-02-17_022030.jpeg,0.3007131516933441
whichfaceisreal,1_fake,image-2019-02-17_022038.jpeg,0.9753212332725525
whichfaceisreal,1_fake,image-2019-02-17_022045.jpeg,0.11230741441249847
whichfaceisreal,1_fake,image-2019-02-17_022053.jpeg,0.4856117069721222
whichfaceisreal,1_fake,image-2019-02-17_022100.jpeg,0.9994520545005798
whichfaceisreal,1_fake,image-2019-02-17_022107.jpeg,0.9821909666061401
whichfaceisreal,1_fake,image-2019-02-17_022114.jpeg,0.2771621644496918
whichfaceisreal,1_fake,image-2019-02-17_022122.jpeg,0.7539651393890381
whichfaceisreal,1_fake,image-2019-02-17_022129.jpeg,0.11195184290409088
whichfaceisreal,1_fake,image-2019-02-17_022136.jpeg,0.05004044994711876
whichfaceisreal,1_fake,image-2019-02-17_022144.jpeg,0.4398484230041504
whichfaceisreal,1_fake,image-2019-02-17_022151.jpeg,0.9529774785041809
whichfaceisreal,1_fake,image-2019-02-17_022158.jpeg,0.6273526549339294
whichfaceisreal,1_fake,image-2019-02-17_022206.jpeg,0.9377115368843079
whichfaceisreal,1_fake,image-2019-02-17_022213.jpeg,0.4168231785297394
whichfaceisreal,1_fake,image-2019-02-17_022221.jpeg,0.12970109283924103
whichfaceisreal,1_fake,image-2019-02-17_022229.jpeg,0.9605396389961243
whichfaceisreal,1_fake,image-2019-02-17_022236.jpeg,0.9586629867553711
whichfaceisreal,1_fake,image-2019-02-17_022244.jpeg,0.12686970829963684
whichfaceisreal,1_fake,image-2019-02-17_022251.jpeg,0.869426965713501
whichfaceisreal,1_fake,image-2019-02-17_022259.jpeg,0.9440467953681946
whichfaceisreal,1_fake,image-2019-02-17_022307.jpeg,0.9982543587684631
whichfaceisreal,1_fake,image-2019-02-17_022314.jpeg,0.9893397688865662
whichfaceisreal,1_fake,image-2019-02-17_022321.jpeg,0.844083845615387
whichfaceisreal,1_fake,image-2019-02-17_022328.jpeg,0.11501658707857132
whichfaceisreal,1_fake,image-2019-02-17_022336.jpeg,0.9919737577438354
whichfaceisreal,1_fake,image-2019-02-17_022343.jpeg,0.380392462015152
whichfaceisreal,1_fake,image-2019-02-17_022351.jpeg,0.42680594325065613
whichfaceisreal,1_fake,image-2019-02-17_022358.jpeg,0.955009400844574
whichfaceisreal,1_fake,image-2019-02-17_022406.jpeg,0.5760294198989868
whichfaceisreal,1_fake,image-2019-02-17_022413.jpeg,0.9759384989738464
whichfaceisreal,1_fake,image-2019-02-17_022420.jpeg,0.8730409741401672
whichfaceisreal,1_fake,image-2019-02-17_022427.jpeg,0.9610342979431152
whichfaceisreal,1_fake,image-2019-02-17_022435.jpeg,0.8978752493858337
whichfaceisreal,1_fake,image-2019-02-17_022442.jpeg,0.8856878280639648
whichfaceisreal,1_fake,image-2019-02-17_022450.jpeg,0.9675096869468689
whichfaceisreal,1_fake,image-2019-02-17_022457.jpeg,0.9927279949188232
whichfaceisreal,1_fake,image-2019-02-17_022505.jpeg,0.6917967796325684
whichfaceisreal,1_fake,image-2019-02-17_022512.jpeg,0.6102139949798584
whichfaceisreal,1_fake,image-2019-02-17_022519.jpeg,0.5221092700958252
whichfaceisreal,1_fake,image-2019-02-17_022527.jpeg,0.8704012632369995
whichfaceisreal,1_fake,image-2019-02-17_022535.jpeg,0.9914895296096802
whichfaceisreal,1_fake,image-2019-02-17_022542.jpeg,0.016070758923888206
whichfaceisreal,1_fake,image-2019-02-17_022549.jpeg,0.9889710545539856
whichfaceisreal,1_fake,image-2019-02-17_022556.jpeg,0.9294494986534119
whichfaceisreal,1_fake,image-2019-02-17_022604.jpeg,0.8561643362045288
whichfaceisreal,1_fake,image-2019-02-17_022611.jpeg,0.9663221836090088
whichfaceisreal,1_fake,image-2019-02-17_022618.jpeg,0.36666232347488403
whichfaceisreal,1_fake,image-2019-02-17_022625.jpeg,0.29935595393180847
whichfaceisreal,1_fake,image-2019-02-17_022633.jpeg,0.8644129037857056
whichfaceisreal,1_fake,image-2019-02-17_022641.jpeg,0.8892166018486023
whichfaceisreal,1_fake,image-2019-02-17_022648.jpeg,0.7935470938682556
whichfaceisreal,1_fake,image-2019-02-17_022655.jpeg,0.45381397008895874
whichfaceisreal,1_fake,image-2019-02-17_022702.jpeg,0.19438503682613373
whichfaceisreal,1_fake,image-2019-02-17_022709.jpeg,0.7212398052215576
whichfaceisreal,1_fake,image-2019-02-17_022717.jpeg,0.8215367197990417
whichfaceisreal,1_fake,image-2019-02-17_022724.jpeg,0.8323060274124146
whichfaceisreal,1_fake,image-2019-02-17_022732.jpeg,0.9824443459510803
whichfaceisreal,1_fake,image-2019-02-17_022739.jpeg,0.7906215786933899
whichfaceisreal,1_fake,image-2019-02-17_022747.jpeg,0.9891941547393799
whichfaceisreal,1_fake,image-2019-02-17_022754.jpeg,0.8629665374755859
whichfaceisreal,1_fake,image-2019-02-17_022801.jpeg,0.9289470911026001
whichfaceisreal,1_fake,image-2019-02-17_022808.jpeg,0.5824689269065857
whichfaceisreal,1_fake,image-2019-02-17_022816.jpeg,0.9792057871818542
whichfaceisreal,1_fake,image-2019-02-17_022823.jpeg,0.936622679233551
whichfaceisreal,1_fake,image-2019-02-17_022830.jpeg,0.9655008316040039
whichfaceisreal,1_fake,image-2019-02-17_022838.jpeg,0.8620209693908691
whichfaceisreal,1_fake,image-2019-02-17_022845.jpeg,0.85758376121521
whichfaceisreal,1_fake,image-2019-02-17_022853.jpeg,0.8061509132385254
whichfaceisreal,1_fake,image-2019-02-17_022900.jpeg,0.5982567667961121
whichfaceisreal,1_fake,image-2019-02-17_022907.jpeg,0.2410343885421753
whichfaceisreal,1_fake,image-2019-02-17_022915.jpeg,0.865534245967865
whichfaceisreal,1_fake,image-2019-02-17_022922.jpeg,0.7147647738456726
whichfaceisreal,1_fake,image-2019-02-17_022930.jpeg,0.503728985786438
whichfaceisreal,1_fake,image-2019-02-17_022937.jpeg,0.6416779160499573
whichfaceisreal,1_fake,image-2019-02-17_022944.jpeg,0.9323150515556335
whichfaceisreal,1_fake,image-2019-02-17_022952.jpeg,0.9630956053733826
whichfaceisreal,1_fake,image-2019-02-17_023000.jpeg,0.7982974648475647
whichfaceisreal,1_fake,image-2019-02-17_023007.jpeg,0.9788697361946106
whichfaceisreal,1_fake,image-2019-02-17_023014.jpeg,0.9911432266235352
whichfaceisreal,1_fake,image-2019-02-17_023022.jpeg,0.7212558388710022
whichfaceisreal,1_fake,image-2019-02-17_023029.jpeg,0.9346219897270203
whichfaceisreal,1_fake,image-2019-02-17_023036.jpeg,0.9866148829460144
whichfaceisreal,1_fake,image-2019-02-17_023044.jpeg,0.9963207244873047
whichfaceisreal,1_fake,image-2019-02-17_023051.jpeg,0.3809407949447632
whichfaceisreal,1_fake,image-2019-02-17_023059.jpeg,0.9793294668197632
whichfaceisreal,1_fake,image-2019-02-17_023106.jpeg,0.2543734014034271
whichfaceisreal,1_fake,image-2019-02-17_023113.jpeg,0.9357925057411194
whichfaceisreal,1_fake,image-2019-02-17_023121.jpeg,0.3425433933734894
whichfaceisreal,1_fake,image-2019-02-17_023128.jpeg,0.9936123490333557
whichfaceisreal,1_fake,image-2019-02-17_023136.jpeg,0.8659628629684448
whichfaceisreal,1_fake,image-2019-02-17_023143.jpeg,0.9497227072715759
whichfaceisreal,1_fake,image-2019-02-17_023150.jpeg,0.4919241964817047
whichfaceisreal,1_fake,image-2019-02-17_023158.jpeg,0.9935708045959473
whichfaceisreal,1_fake,image-2019-02-17_023205.jpeg,0.2670755386352539
whichfaceisreal,1_fake,image-2019-02-17_023213.jpeg,0.6853584051132202
whichfaceisreal,1_fake,image-2019-02-17_023220.jpeg,0.9968921542167664
whichfaceisreal,1_fake,image-2019-02-17_023227.jpeg,0.9848955869674683
whichfaceisreal,1_fake,image-2019-02-17_023235.jpeg,0.979432225227356
whichfaceisreal,1_fake,image-2019-02-17_023242.jpeg,0.9103999137878418
whichfaceisreal,1_fake,image-2019-02-17_023250.jpeg,0.722395658493042
whichfaceisreal,1_fake,image-2019-02-17_023257.jpeg,0.8485744595527649
whichfaceisreal,1_fake,image-2019-02-17_023304.jpeg,0.5884869694709778
whichfaceisreal,1_fake,image-2019-02-17_023311.jpeg,0.5676285028457642
whichfaceisreal,1_fake,image-2019-02-17_023319.jpeg,0.9036792516708374
whichfaceisreal,1_fake,image-2019-02-17_023326.jpeg,0.7071037292480469
whichfaceisreal,1_fake,image-2019-02-17_023333.jpeg,0.5059531331062317
whichfaceisreal,1_fake,image-2019-02-17_023341.jpeg,0.8347349762916565
whichfaceisreal,1_fake,image-2019-02-17_023348.jpeg,0.9950233697891235
whichfaceisreal,1_fake,image-2019-02-17_023355.jpeg,0.10365010797977448
whichfaceisreal,1_fake,image-2019-02-17_023403.jpeg,0.8607286214828491
whichfaceisreal,1_fake,image-2019-02-17_023410.jpeg,0.6835657358169556
whichfaceisreal,1_fake,image-2019-02-17_023418.jpeg,0.9795987606048584
whichfaceisreal,1_fake,image-2019-02-17_023426.jpeg,0.9159479141235352
whichfaceisreal,1_fake,image-2019-02-17_023433.jpeg,0.9810284972190857
whichfaceisreal,1_fake,image-2019-02-17_023440.jpeg,0.7759318947792053
whichfaceisreal,1_fake,image-2019-02-17_023448.jpeg,0.8725041151046753
whichfaceisreal,1_fake,image-2019-02-17_023455.jpeg,0.5010465979576111
whichfaceisreal,1_fake,image-2019-02-17_023502.jpeg,0.949354350566864
whichfaceisreal,1_fake,image-2019-02-17_023510.jpeg,0.06559521704912186
whichfaceisreal,1_fake,image-2019-02-17_023517.jpeg,0.9515566229820251
whichfaceisreal,1_fake,image-2019-02-17_023525.jpeg,0.8350310325622559
whichfaceisreal,1_fake,image-2019-02-17_023532.jpeg,0.15340659022331238
whichfaceisreal,1_fake,image-2019-02-17_023540.jpeg,0.9307188391685486
whichfaceisreal,1_fake,image-2019-02-17_023547.jpeg,0.7718143463134766
whichfaceisreal,1_fake,image-2019-02-17_023554.jpeg,0.9935243129730225
whichfaceisreal,1_fake,image-2019-02-17_023602.jpeg,0.9293485879898071
whichfaceisreal,1_fake,image-2019-02-17_023609.jpeg,0.8481121063232422
whichfaceisreal,1_fake,image-2019-02-17_023617.jpeg,0.8155791759490967
whichfaceisreal,1_fake,image-2019-02-17_023624.jpeg,0.9587347507476807
whichfaceisreal,1_fake,image-2019-02-17_023631.jpeg,0.5843119025230408
whichfaceisreal,1_fake,image-2019-02-17_023638.jpeg,0.9918808341026306
whichfaceisreal,1_fake,image-2019-02-17_023646.jpeg,0.8673381805419922
whichfaceisreal,1_fake,image-2019-02-17_023653.jpeg,0.9751397967338562
whichfaceisreal,1_fake,image-2019-02-17_023700.jpeg,0.15329371392726898
whichfaceisreal,1_fake,image-2019-02-17_023708.jpeg,0.8309400081634521
whichfaceisreal,1_fake,image-2019-02-17_023715.jpeg,0.9721649289131165
whichfaceisreal,1_fake,image-2019-02-17_023723.jpeg,0.5153424739837646
whichfaceisreal,1_fake,image-2019-02-17_023730.jpeg,0.2557186186313629
whichfaceisreal,1_fake,image-2019-02-17_023737.jpeg,0.907692015171051
whichfaceisreal,1_fake,image-2019-02-17_023744.jpeg,0.7124881148338318
whichfaceisreal,1_fake,image-2019-02-17_023752.jpeg,0.9251721501350403
whichfaceisreal,1_fake,image-2019-02-17_023759.jpeg,0.9377822875976562
whichfaceisreal,1_fake,image-2019-02-17_023806.jpeg,0.9186980724334717
whichfaceisreal,1_fake,image-2019-02-17_023813.jpeg,0.9744879007339478
whichfaceisreal,1_fake,image-2019-02-17_023820.jpeg,0.868079662322998
whichfaceisreal,1_fake,image-2019-02-17_023828.jpeg,0.9762100577354431
whichfaceisreal,1_fake,image-2019-02-17_023835.jpeg,0.9674106240272522
whichfaceisreal,1_fake,image-2019-02-17_023842.jpeg,0.057215213775634766
whichfaceisreal,1_fake,image-2019-02-17_023850.jpeg,0.8812092542648315
whichfaceisreal,1_fake,image-2019-02-17_023857.jpeg,0.9291195869445801
whichfaceisreal,1_fake,image-2019-02-17_023905.jpeg,0.9172899127006531
whichfaceisreal,1_fake,image-2019-02-17_023912.jpeg,0.9803188443183899
whichfaceisreal,1_fake,image-2019-02-17_023919.jpeg,0.8669193983078003
whichfaceisreal,1_fake,image-2019-02-17_023927.jpeg,0.991891622543335
whichfaceisreal,1_fake,image-2019-02-17_023934.jpeg,0.9336620569229126
whichfaceisreal,1_fake,image-2019-02-17_023942.jpeg,0.9911149740219116
whichfaceisreal,1_fake,image-2019-02-17_023949.jpeg,0.9149999618530273
whichfaceisreal,1_fake,image-2019-02-17_023957.jpeg,0.661723792552948
whichfaceisreal,1_fake,image-2019-02-17_024004.jpeg,0.9830725193023682
whichfaceisreal,1_fake,image-2019-02-17_024011.jpeg,0.9710140824317932
whichfaceisreal,1_fake,image-2019-02-17_024019.jpeg,0.22141341865062714
whichfaceisreal,1_fake,image-2019-02-17_024026.jpeg,0.6976637244224548
whichfaceisreal,1_fake,image-2019-02-17_024033.jpeg,0.8194384574890137
whichfaceisreal,1_fake,image-2019-02-17_024041.jpeg,0.8501330614089966
whichfaceisreal,1_fake,image-2019-02-17_024048.jpeg,0.1521264910697937
whichfaceisreal,1_fake,image-2019-02-17_024055.jpeg,0.5768341422080994
whichfaceisreal,1_fake,image-2019-02-17_024103.jpeg,0.979188859462738
whichfaceisreal,1_fake,image-2019-02-17_024110.jpeg,0.5683681964874268
whichfaceisreal,1_fake,image-2019-02-17_024118.jpeg,0.9118702411651611
whichfaceisreal,1_fake,image-2019-02-17_024125.jpeg,0.4651891887187958
whichfaceisreal,1_fake,image-2019-02-17_024133.jpeg,0.4132271111011505
whichfaceisreal,1_fake,image-2019-02-17_024140.jpeg,0.9936756491661072
whichfaceisreal,1_fake,image-2019-02-17_024147.jpeg,0.4819011688232422
whichfaceisreal,1_fake,image-2019-02-17_024155.jpeg,0.9662250280380249
whichfaceisreal,1_fake,image-2019-02-17_024202.jpeg,0.984887421131134
whichfaceisreal,1_fake,image-2019-02-17_024210.jpeg,0.09123417735099792
whichfaceisreal,1_fake,image-2019-02-17_024217.jpeg,0.719959020614624
whichfaceisreal,1_fake,image-2019-02-17_024224.jpeg,0.8954616785049438
whichfaceisreal,1_fake,image-2019-02-17_024232.jpeg,0.1002066507935524
whichfaceisreal,1_fake,image-2019-02-17_024239.jpeg,0.32970914244651794
whichfaceisreal,1_fake,image-2019-02-17_024246.jpeg,0.8156415820121765
whichfaceisreal,1_fake,image-2019-02-17_024254.jpeg,0.9847533702850342
whichfaceisreal,1_fake,image-2019-02-17_024301.jpeg,0.6111331582069397
whichfaceisreal,1_fake,image-2019-02-17_024309.jpeg,0.8580182790756226
whichfaceisreal,1_fake,image-2019-02-17_024316.jpeg,0.5393742918968201
whichfaceisreal,1_fake,image-2019-02-17_024323.jpeg,0.8814818859100342
whichfaceisreal,1_fake,image-2019-02-17_024331.jpeg,0.8459174633026123
whichfaceisreal,1_fake,image-2019-02-17_024338.jpeg,0.9929291605949402
whichfaceisreal,1_fake,image-2019-02-17_024345.jpeg,0.5898081064224243
whichfaceisreal,1_fake,image-2019-02-17_024353.jpeg,0.12443876266479492
whichfaceisreal,1_fake,image-2019-02-17_024400.jpeg,0.9090797305107117
whichfaceisreal,1_fake,image-2019-02-17_024408.jpeg,0.8959848284721375
whichfaceisreal,1_fake,image-2019-02-17_024415.jpeg,0.8750783801078796
whichfaceisreal,1_fake,image-2019-02-17_024422.jpeg,0.8206514716148376
whichfaceisreal,1_fake,image-2019-02-17_024430.jpeg,0.4369916021823883
whichfaceisreal,1_fake,image-2019-02-17_024437.jpeg,0.9858447313308716
whichfaceisreal,1_fake,image-2019-02-17_024444.jpeg,0.6342652440071106
whichfaceisreal,1_fake,image-2019-02-17_024452.jpeg,0.9252350926399231
whichfaceisreal,1_fake,image-2019-02-17_024459.jpeg,0.8036706447601318
whichfaceisreal,1_fake,image-2019-02-17_024507.jpeg,0.8981449007987976
whichfaceisreal,1_fake,image-2019-02-17_024514.jpeg,0.9877846240997314
whichfaceisreal,1_fake,image-2019-02-17_024521.jpeg,0.5159217119216919
whichfaceisreal,1_fake,image-2019-02-17_024529.jpeg,0.9822461605072021
whichfaceisreal,1_fake,image-2019-02-17_024536.jpeg,0.9893285632133484
whichfaceisreal,1_fake,image-2019-02-17_024543.jpeg,0.8119958639144897
whichfaceisreal,1_fake,image-2019-02-17_024551.jpeg,0.8882218599319458
whichfaceisreal,1_fake,image-2019-02-17_024558.jpeg,0.9746050834655762
whichfaceisreal,1_fake,image-2019-02-17_024606.jpeg,0.4533352553844452
whichfaceisreal,1_fake,image-2019-02-17_024613.jpeg,0.9822100400924683
whichfaceisreal,1_fake,image-2019-02-17_024620.jpeg,0.9170647859573364
whichfaceisreal,1_fake,image-2019-02-17_024628.jpeg,0.3143247067928314
whichfaceisreal,1_fake,image-2019-02-17_024635.jpeg,0.9575793743133545
whichfaceisreal,1_fake,image-2019-02-17_024642.jpeg,0.9954504370689392
whichfaceisreal,1_fake,image-2019-02-17_024649.jpeg,0.9165859222412109
whichfaceisreal,1_fake,image-2019-02-17_024656.jpeg,0.9516744613647461
whichfaceisreal,1_fake,image-2019-02-17_024704.jpeg,0.9851109385490417
whichfaceisreal,1_fake,image-2019-02-17_024711.jpeg,0.9861125349998474
whichfaceisreal,1_fake,image-2019-02-17_024719.jpeg,0.9150478839874268
whichfaceisreal,1_fake,image-2019-02-17_024726.jpeg,0.4785756468772888
whichfaceisreal,1_fake,image-2019-02-17_024734.jpeg,0.9625672698020935
whichfaceisreal,1_fake,image-2019-02-17_024741.jpeg,0.85061115026474
whichfaceisreal,1_fake,image-2019-02-17_024749.jpeg,0.8518658876419067
whichfaceisreal,1_fake,image-2019-02-17_024756.jpeg,0.9244689345359802
whichfaceisreal,1_fake,image-2019-02-17_024803.jpeg,0.31941351294517517
whichfaceisreal,1_fake,image-2019-02-17_024811.jpeg,0.5640535354614258
whichfaceisreal,1_fake,image-2019-02-17_024818.jpeg,0.24273665249347687
whichfaceisreal,1_fake,image-2019-02-17_024826.jpeg,0.9396551847457886
whichfaceisreal,1_fake,image-2019-02-17_024833.jpeg,0.9356148838996887
whichfaceisreal,1_fake,image-2019-02-17_024840.jpeg,0.41226473450660706
whichfaceisreal,1_fake,image-2019-02-17_024848.jpeg,0.9339801669120789
whichfaceisreal,1_fake,image-2019-02-17_024855.jpeg,0.15194937586784363
whichfaceisreal,1_fake,image-2019-02-17_024903.jpeg,0.9913337826728821
whichfaceisreal,1_fake,image-2019-02-17_024910.jpeg,0.5991732478141785
whichfaceisreal,1_fake,image-2019-02-17_024917.jpeg,0.9128280878067017
whichfaceisreal,1_fake,image-2019-02-17_024925.jpeg,0.42519235610961914
whichfaceisreal,1_fake,image-2019-02-17_024932.jpeg,0.9495764970779419
whichfaceisreal,1_fake,image-2019-02-17_024939.jpeg,0.5188837647438049
whichfaceisreal,1_fake,image-2019-02-17_024947.jpeg,0.5853675007820129
whichfaceisreal,1_fake,image-2019-02-17_024954.jpeg,0.9519943594932556
whichfaceisreal,1_fake,image-2019-02-17_025001.jpeg,0.5344433188438416
whichfaceisreal,1_fake,image-2019-02-17_025009.jpeg,0.2548232078552246
whichfaceisreal,1_fake,image-2019-02-17_025016.jpeg,0.7136030793190002
whichfaceisreal,1_fake,image-2019-02-17_025023.jpeg,0.5580282211303711
whichfaceisreal,1_fake,image-2019-02-17_025031.jpeg,0.1893949955701828
whichfaceisreal,1_fake,image-2019-02-17_025038.jpeg,0.8252045512199402
whichfaceisreal,1_fake,image-2019-02-17_025045.jpeg,0.6583902835845947
whichfaceisreal,1_fake,image-2019-02-17_025053.jpeg,0.9278600215911865
whichfaceisreal,1_fake,image-2019-02-17_025101.jpeg,0.90584796667099
whichfaceisreal,1_fake,image-2019-02-17_025109.jpeg,0.9399815797805786
whichfaceisreal,1_fake,image-2019-02-17_025117.jpeg,0.8295051455497742
whichfaceisreal,1_fake,image-2019-02-17_025124.jpeg,0.8652387261390686
whichfaceisreal,1_fake,image-2019-02-17_025132.jpeg,0.9997782111167908
whichfaceisreal,1_fake,image-2019-02-17_025140.jpeg,0.8233726620674133
whichfaceisreal,1_fake,image-2019-02-17_025147.jpeg,0.7164905071258545
whichfaceisreal,1_fake,image-2019-02-17_025155.jpeg,0.6200307607650757
whichfaceisreal,1_fake,image-2019-02-17_025203.jpeg,0.20480704307556152
whichfaceisreal,1_fake,image-2019-02-17_025211.jpeg,0.31166794896125793
whichfaceisreal,1_fake,image-2019-02-17_025218.jpeg,0.8287451267242432
whichfaceisreal,1_fake,image-2019-02-17_025226.jpeg,0.9928303360939026
whichfaceisreal,1_fake,image-2019-02-17_025234.jpeg,0.8885915279388428
whichfaceisreal,1_fake,image-2019-02-17_025242.jpeg,0.4126898944377899
whichfaceisreal,1_fake,image-2019-02-17_025249.jpeg,0.8755564093589783
whichfaceisreal,1_fake,image-2019-02-17_025257.jpeg,0.432799756526947
whichfaceisreal,1_fake,image-2019-02-17_025305.jpeg,0.9262703657150269
whichfaceisreal,1_fake,image-2019-02-17_025312.jpeg,0.9533073306083679
whichfaceisreal,1_fake,image-2019-02-17_025320.jpeg,0.30008357763290405
whichfaceisreal,1_fake,image-2019-02-17_025328.jpeg,0.8185959458351135
whichfaceisreal,1_fake,image-2019-02-17_025335.jpeg,0.5616657137870789
whichfaceisreal,1_fake,image-2019-02-17_025343.jpeg,0.8832338452339172
whichfaceisreal,1_fake,image-2019-02-17_025351.jpeg,0.9665361642837524
whichfaceisreal,1_fake,image-2019-02-17_025359.jpeg,0.977462887763977
whichfaceisreal,1_fake,image-2019-02-17_025407.jpeg,0.7133420705795288
whichfaceisreal,1_fake,image-2019-02-17_025415.jpeg,0.9994170665740967
whichfaceisreal,1_fake,image-2019-02-17_025422.jpeg,0.7614293694496155
whichfaceisreal,1_fake,image-2019-02-17_025430.jpeg,0.8617908954620361
whichfaceisreal,1_fake,image-2019-02-17_025438.jpeg,0.9425984621047974
whichfaceisreal,1_fake,image-2019-02-17_025446.jpeg,0.9514919519424438
whichfaceisreal,1_fake,image-2019-02-17_025454.jpeg,0.8667761087417603
whichfaceisreal,1_fake,image-2019-02-17_025501.jpeg,0.26259803771972656
whichfaceisreal,1_fake,image-2019-02-17_025509.jpeg,0.804573118686676
whichfaceisreal,1_fake,image-2019-02-17_025517.jpeg,0.9954800605773926
whichfaceisreal,1_fake,image-2019-02-17_025525.jpeg,0.3460455536842346
whichfaceisreal,1_fake,image-2019-02-17_025533.jpeg,0.9833406805992126
whichfaceisreal,1_fake,image-2019-02-17_025540.jpeg,0.9429529905319214
whichfaceisreal,1_fake,image-2019-02-17_025548.jpeg,0.8040616512298584
whichfaceisreal,1_fake,image-2019-02-17_025556.jpeg,0.7341665029525757
whichfaceisreal,1_fake,image-2019-02-17_025603.jpeg,0.4548015296459198
whichfaceisreal,1_fake,image-2019-02-17_025611.jpeg,0.41050755977630615
whichfaceisreal,1_fake,image-2019-02-17_025619.jpeg,0.8100082278251648
whichfaceisreal,1_fake,image-2019-02-17_025627.jpeg,0.71881502866745
whichfaceisreal,1_fake,image-2019-02-17_025634.jpeg,0.7728231549263
whichfaceisreal,1_fake,image-2019-02-17_025642.jpeg,0.9851292371749878
whichfaceisreal,1_fake,image-2019-02-17_025650.jpeg,0.6825937628746033
whichfaceisreal,1_fake,image-2019-02-17_025658.jpeg,0.9494951367378235
whichfaceisreal,1_fake,image-2019-02-17_025705.jpeg,0.4122527539730072
whichfaceisreal,1_fake,image-2019-02-17_025713.jpeg,0.18750499188899994
whichfaceisreal,1_fake,image-2019-02-17_025721.jpeg,0.18369975686073303
whichfaceisreal,1_fake,image-2019-02-17_025729.jpeg,0.8765103220939636
whichfaceisreal,1_fake,image-2019-02-17_025736.jpeg,0.5577143430709839
whichfaceisreal,1_fake,image-2019-02-17_025744.jpeg,0.9516808390617371
whichfaceisreal,1_fake,image-2019-02-17_025752.jpeg,0.9544183611869812
whichfaceisreal,1_fake,image-2019-02-17_025759.jpeg,0.8169335722923279
whichfaceisreal,1_fake,image-2019-02-17_025807.jpeg,0.6484769582748413
whichfaceisreal,1_fake,image-2019-02-17_025815.jpeg,0.5556199550628662
whichfaceisreal,1_fake,image-2019-02-17_025823.jpeg,0.9955808520317078
whichfaceisreal,1_fake,image-2019-02-17_025830.jpeg,0.9442091584205627
whichfaceisreal,1_fake,image-2019-02-17_025838.jpeg,0.8716158866882324
whichfaceisreal,1_fake,image-2019-02-17_025846.jpeg,0.3943746089935303
whichfaceisreal,1_fake,image-2019-02-17_025854.jpeg,0.9848745465278625
whichfaceisreal,1_fake,image-2019-02-17_025902.jpeg,0.5557069778442383
whichfaceisreal,1_fake,image-2019-02-17_025910.jpeg,0.9593713879585266
whichfaceisreal,1_fake,image-2019-02-17_025918.jpeg,0.13413409888744354
whichfaceisreal,1_fake,image-2019-02-17_025925.jpeg,0.7673989534378052
whichfaceisreal,1_fake,image-2019-02-17_025934.jpeg,0.8244777321815491
whichfaceisreal,1_fake,image-2019-02-17_025942.jpeg,0.6949377059936523
whichfaceisreal,1_fake,image-2019-02-17_025949.jpeg,0.7852137684822083
whichfaceisreal,1_fake,image-2019-02-17_025957.jpeg,0.8485006093978882
whichfaceisreal,1_fake,image-2019-02-17_030004.jpeg,0.4974718987941742
whichfaceisreal,1_fake,image-2019-02-17_030012.jpeg,0.15971551835536957
whichfaceisreal,1_fake,image-2019-02-17_030020.jpeg,0.3987722396850586
whichfaceisreal,1_fake,image-2019-02-17_030027.jpeg,0.9432724714279175
whichfaceisreal,1_fake,image-2019-02-17_030035.jpeg,0.8692771792411804
whichfaceisreal,1_fake,image-2019-02-17_030043.jpeg,0.9202805757522583
whichfaceisreal,1_fake,image-2019-02-17_030051.jpeg,0.9672078490257263
whichfaceisreal,1_fake,image-2019-02-17_030058.jpeg,0.9359253644943237
whichfaceisreal,1_fake,image-2019-02-17_030106.jpeg,0.9761886596679688
whichfaceisreal,1_fake,image-2019-02-17_030114.jpeg,0.6936920285224915
whichfaceisreal,1_fake,image-2019-02-17_030122.jpeg,0.2536025047302246
whichfaceisreal,1_fake,image-2019-02-17_030129.jpeg,0.9953071475028992
whichfaceisreal,1_fake,image-2019-02-17_030137.jpeg,0.890641987323761
whichfaceisreal,1_fake,image-2019-02-17_030145.jpeg,0.7645206451416016
whichfaceisreal,1_fake,image-2019-02-17_030153.jpeg,0.8875517249107361
whichfaceisreal,1_fake,image-2019-02-17_030200.jpeg,0.9807155132293701
whichfaceisreal,1_fake,image-2019-02-17_030208.jpeg,0.9696360230445862
whichfaceisreal,1_fake,image-2019-02-17_030216.jpeg,0.7193808555603027
whichfaceisreal,1_fake,image-2019-02-17_030224.jpeg,0.9240334033966064
whichfaceisreal,1_fake,image-2019-02-17_030231.jpeg,0.860039472579956
whichfaceisreal,1_fake,image-2019-02-17_030239.jpeg,0.887298047542572
whichfaceisreal,1_fake,image-2019-02-17_030247.jpeg,0.465036004781723
whichfaceisreal,1_fake,image-2019-02-17_030255.jpeg,0.31660833954811096
whichfaceisreal,1_fake,image-2019-02-17_030302.jpeg,0.777219831943512
whichfaceisreal,1_fake,image-2019-02-17_030310.jpeg,0.998157799243927
whichfaceisreal,1_fake,image-2019-02-17_030318.jpeg,0.995976984500885
whichfaceisreal,1_fake,image-2019-02-17_030326.jpeg,0.873984694480896
whichfaceisreal,1_fake,image-2019-02-17_030334.jpeg,0.8131634593009949
whichfaceisreal,1_fake,image-2019-02-17_030341.jpeg,0.5162472128868103
whichfaceisreal,1_fake,image-2019-02-17_030349.jpeg,0.9564611315727234
whichfaceisreal,1_fake,image-2019-02-17_030357.jpeg,0.9977176189422607
whichfaceisreal,1_fake,image-2019-02-17_030405.jpeg,0.7080270051956177
whichfaceisreal,1_fake,image-2019-02-17_030412.jpeg,0.5175797343254089
whichfaceisreal,1_fake,image-2019-02-17_030420.jpeg,0.8722196221351624
whichfaceisreal,1_fake,image-2019-02-17_030428.jpeg,0.8481539487838745
whichfaceisreal,1_fake,image-2019-02-17_030435.jpeg,0.9614927768707275
whichfaceisreal,1_fake,image-2019-02-17_030444.jpeg,0.7893111705780029
whichfaceisreal,1_fake,image-2019-02-17_030452.jpeg,0.8049606084823608
whichfaceisreal,1_fake,image-2019-02-17_030459.jpeg,0.916903018951416
whichfaceisreal,1_fake,image-2019-02-17_030507.jpeg,0.9394909739494324
whichfaceisreal,1_fake,image-2019-02-17_030515.jpeg,0.3384445607662201
whichfaceisreal,1_fake,image-2019-02-17_030523.jpeg,0.24583151936531067
whichfaceisreal,1_fake,image-2019-02-17_030530.jpeg,0.098242849111557
whichfaceisreal,1_fake,image-2019-02-17_030538.jpeg,0.09753409773111343
whichfaceisreal,1_fake,image-2019-02-17_030546.jpeg,0.8938409686088562
whichfaceisreal,1_fake,image-2019-02-17_030553.jpeg,0.282337486743927
whichfaceisreal,1_fake,image-2019-02-17_030601.jpeg,0.8737330436706543
whichfaceisreal,1_fake,image-2019-02-17_030609.jpeg,0.5461203455924988
whichfaceisreal,1_fake,image-2019-02-17_030616.jpeg,0.9668152332305908
whichfaceisreal,1_fake,image-2019-02-17_030624.jpeg,0.9880052208900452
whichfaceisreal,1_fake,image-2019-02-17_030632.jpeg,0.9271541833877563
whichfaceisreal,1_fake,image-2019-02-17_030640.jpeg,0.8143069744110107
whichfaceisreal,1_fake,image-2019-02-17_030647.jpeg,0.9776374101638794
whichfaceisreal,1_fake,image-2019-02-17_030655.jpeg,0.8068408370018005
whichfaceisreal,1_fake,image-2019-02-17_030703.jpeg,0.916513979434967
whichfaceisreal,1_fake,image-2019-02-17_030710.jpeg,0.7135008573532104
whichfaceisreal,1_fake,image-2019-02-17_030718.jpeg,0.40896403789520264
whichfaceisreal,1_fake,image-2019-02-17_030726.jpeg,0.9568866491317749
whichfaceisreal,1_fake,image-2019-02-17_030734.jpeg,0.7758598327636719
whichfaceisreal,1_fake,image-2019-02-17_030742.jpeg,0.9670172929763794
whichfaceisreal,1_fake,image-2019-02-17_030750.jpeg,0.7942813038825989
whichfaceisreal,1_fake,image-2019-02-17_030757.jpeg,0.9129744172096252
whichfaceisreal,1_fake,image-2019-02-17_030805.jpeg,0.9087700247764587
whichfaceisreal,1_fake,image-2019-02-17_030812.jpeg,0.3714999258518219
whichfaceisreal,1_fake,image-2019-02-17_030820.jpeg,0.9316109418869019
whichfaceisreal,1_fake,image-2019-02-17_030828.jpeg,0.5858844518661499
